{
    "criteria": {
        "requirement": {
            "trigger": "minecraft:item_used_on_block",
            "conditions": {
                "location": [
                    {
                        "condition": "minecraft:match_tool",
                        "predicate": {
                            "items": [
                                "minecraft:ender_dragon_spawn_egg"
                            ],
                            "nbt": "{tags:\"event_goblet\"}"
                        }
                    }
                ]
            }
        }
    },
    "rewards": {
        "function": "goblet_anim:world_interactions/place/init"
    }
}